0,1,2,3,4,5
michael_jackson_14-MFCC.csv,kishore_kumar_3-MFCC.csv,90-MFCC.csv,asha_bhosle_2-MFCC.csv,73-MFCC.csv,109-MFCC.csv
michael_jackson_6-MFCC.csv,kishore_kumar_9-MFCC.csv,87-MFCC.csv,asha_bhosle_8-MFCC.csv,37-MFCC.csv,105-MFCC.csv
michael_jackson_5-MFCC.csv,kishore_kumar_8-MFCC.csv,national_anthem_7-MFCC.csv,asha_bhosle_4-MFCC.csv,36-MFCC.csv,72-MFCC.csv
michael_jackson_4-MFCC.csv,kishore_kumar_7-MFCC.csv,95-MFCC.csv,asha_bhosle_5-MFCC.csv,68-MFCC.csv,10-MFCC.csv
michael_jackson_3-MFCC.csv,kishore_kumar_5-MFCC.csv,national_anthem_8-MFCC.csv,asha_bhosle_6-MFCC.csv,30-MFCC.csv,06-MFCC.csv
michael_jackson_20-MFCC.csv,kishore_kumar_4-MFCC.csv,national_anthem_6-MFCC.csv,asha_bhosle_7-MFCC.csv,11-MFCC.csv,112-MFCC.csv
20-MFCC.csv,96-MFCC.csv,national_anthem_11-MFCC.csv,asha_bhosle_20-MFCC.csv,21-MFCC.csv,102-MFCC.csv
michael_jackson_19-MFCC.csv,97-MFCC.csv,national_anthem_5-MFCC.csv,asha_bhosle_3-MFCC.csv,88-MFCC.csv,76-MFCC.csv
michael_jackson_18-MFCC.csv,60-MFCC.csv,national_anthem_1-MFCC.csv,kishore_kumar_19-MFCC.csv,22-MFCC.csv,113-MFCC.csv
michael_jackson_17-MFCC.csv,kishore_kumar_2-MFCC.csv,national_anthem_13-MFCC.csv,kishore_kumar_15-MFCC.csv,106-MFCC.csv,85-MFCC.csv
michael_jackson_16-MFCC.csv,63-MFCC.csv,national_anthem_14-MFCC.csv,kishore_kumar_16-MFCC.csv,19-MFCC.csv,32-MFCC.csv
31-MFCC.csv,kishore_kumar_17-MFCC.csv,national_anthem_15-MFCC.csv,asha_bhosle_19-MFCC.csv,71-MFCC.csv,13-MFCC.csv
michael_jackson_12-MFCC.csv,kishore_kumar_14-MFCC.csv,national_anthem_16-MFCC.csv,40-MFCC.csv,15-MFCC.csv,99-MFCC.csv
34-MFCC.csv,50-MFCC.csv,national_anthem_17-MFCC.csv,23-MFCC.csv,14-MFCC.csv,62-MFCC.csv
michael_jackson_11-MFCC.csv,51-MFCC.csv,michael_jackson_2-MFCC.csv,115-MFCC.csv,25-MFCC.csv,56-MFCC.csv
michael_jackson_1-MFCC.csv,kishore_kumar_13-MFCC.csv,national_anthem_18-MFCC.csv,110-MFCC.csv,kishore_kumar_6-MFCC.csv,49-MFCC.csv
44-MFCC.csv,05-MFCC.csv,national_anthem_19-MFCC.csv,asha_bhosle_9-MFCC.csv,104-MFCC.csv,77-MFCC.csv
kishore_kumar_20-MFCC.csv,kishore_kumar_12-MFCC.csv,michael_jackson_15-MFCC.csv,asha_bhosle_18-MFCC.csv,michael_jackson_8-MFCC.csv,47-MFCC.csv
53-MFCC.csv,kishore_kumar_11-MFCC.csv,national_anthem_20-MFCC.csv,kishore_kumar_18-MFCC.csv,58-MFCC.csv,43-MFCC.csv
69-MFCC.csv,kishore_kumar_10-MFCC.csv,michael_jackson_13-MFCC.csv,asha_bhosle_16-MFCC.csv,04-MFCC.csv,12-MFCC.csv
86-MFCC.csv,46-MFCC.csv,michael_jackson_10-MFCC.csv,asha_bhosle_15-MFCC.csv,57-MFCC.csv,42-MFCC.csv
74-MFCC.csv,09-MFCC.csv,national_anthem_10-MFCC.csv,asha_bhosle_14-MFCC.csv,55-MFCC.csv,91-MFCC.csv
michael_jackson_9-MFCC.csv,100-MFCC.csv,national_anthem_4-MFCC.csv,asha_bhosle_13-MFCC.csv,54-MFCC.csv,39-MFCC.csv
114-MFCC.csv,kishore_kumar_1-MFCC.csv,98-MFCC.csv,asha_bhosle_12-MFCC.csv,07-MFCC.csv,38-MFCC.csv
78-MFCC.csv,116-MFCC.csv,01-MFCC.csv,asha_bhosle_11-MFCC.csv,64-MFCC.csv,33-MFCC.csv
08-MFCC.csv,111-MFCC.csv,81-MFCC.csv,asha_bhosle_10-MFCC.csv,52-MFCC.csv,89-MFCC.csv
national_anthem_12-MFCC.csv,michael_jackson_7-MFCC.csv,national_anthem_9-MFCC.csv,asha_bhosle_1-MFCC.csv,48-MFCC.csv,24-MFCC.csv
03-MFCC.csv,83-MFCC.csv,45-MFCC.csv,82-MFCC.csv,65-MFCC.csv,70-MFCC.csv
103-MFCC.csv,84-MFCC.csv,35-MFCC.csv,asha_bhosle_17-MFCC.csv,101-MFCC.csv,41-MFCC.csv
,18-MFCC.csv,27-MFCC.csv,,92-MFCC.csv,79-MFCC.csv
,national_anthem_3-MFCC.csv,17-MFCC.csv,,94-MFCC.csv,
,67-MFCC.csv,16-MFCC.csv,,,
,59-MFCC.csv,61-MFCC.csv,,,
,26-MFCC.csv,108-MFCC.csv,,,
,66-MFCC.csv,107-MFCC.csv,,,
,28-MFCC.csv,75-MFCC.csv,,,
,29-MFCC.csv,02-MFCC.csv,,,
,80-MFCC.csv,,,,
,93-MFCC.csv,,,,
,national_anthem_2-MFCC.csv,,,,
